<?xml version='1.0' encoding='utf-8' standalone='yes' ?>
<map>
    <string name="prev_event_name">af_deeplink_received</string>
    <int name="AF_CACHE_VERSION" value="1" />
    <long name="prev_event_timestamp" value="1760341664634" />
    <boolean name="didSendRevenueTriggerOnLastBackground" value="true" />
    <int name="appsFlyerInAppEventCount" value="9" />
    <long name="prev_session_dur" value="1" />
    <long name="af_rc_max_age" value="86400" />
    <boolean name="ddl_sent" value="true" />
    <string name="sentSuccessfully">true</string>
    <int name="versionCode" value="5040900" />
    <string name="af_remote_config">eyJmZWF0dXJlcyI6e30sInZlciI6ImRlZmF1bHQudjEuMTYzNzE0OTUyOSJ9</string>
    <string name="savedProperties">{&quot;waitForCustomerId&quot;:&quot;false&quot;,&quot;logLevel&quot;:&quot;0&quot;,&quot;AppUserId&quot;:&quot;97344599&quot;}</string>
    <string name="AF_INSTALLATION">1760341582128-2558924422938079154</string>
    <boolean name="afUninstallToken_queued" value="false" />
    <int name="appsFlyerCount" value="6" />
    <long name="af_rc_timestamp" value="1760341582592" />
    <long name="AppsFlyerTimePassedSincePrevLaunch" value="1760341664610" />
    <boolean name="newGPReferrerSent" value="true" />
    <string name="appsFlyerFirstInstall">2025-10-13_131622+0530</string>
    <string name="attributionId">{&quot;install_time&quot;:&quot;2025-10-13 07:46:31.844&quot;,&quot;af_message&quot;:&quot;organic install&quot;,&quot;af_status&quot;:&quot;Organic&quot;,&quot;is_first_launch&quot;:false}</string>
</map>
