<?xml version='1.0' encoding='utf-8' standalone='yes' ?>
<map>
    <long name="com.rzmod.Raj.classes.cloneTimestamp" value="1760426038262" />
    <long name="com.facebook.appevents.SessionInfo.sessionStartTime" value="1760426109047" />
    <long name="com.facebook.appevents.SessionInfo.sessionEndTime" value="1760426114712" />
    <boolean name="bg_startup_tracing" value="false" />
    <int name="com.facebook.appevents.SessionInfo.interruptionCount" value="0" />
    <int name="com.rzmod.Raj.classes.originalInstallVersionCode" value="5040900" />
    <string name="com.facebook.appevents.SessionInfo.sessionId">0c385e15-3b1e-40b0-9504-7d807182f37c</string>
</map>
