<?xml version='1.0' encoding='utf-8' standalone='yes' ?>
<map>
    <long name="com.rzmod.Raj.classes.cloneTimestamp" value="1760292717844" />
    <long name="com.facebook.appevents.SessionInfo.sessionStartTime" value="1760292913393" />
    <long name="com.facebook.appevents.SessionInfo.sessionEndTime" value="1760292922652" />
    <boolean name="bg_startup_tracing" value="false" />
    <int name="com.facebook.appevents.SessionInfo.interruptionCount" value="1" />
    <int name="com.rzmod.Raj.classes.originalInstallVersionCode" value="5040900" />
    <string name="com.facebook.appevents.SessionInfo.sessionId">5f9f4d79-8b44-4d38-bb93-3e373d0390f7</string>
</map>
