<?xml version='1.0' encoding='utf-8' standalone='yes' ?>
<map>
    <boolean name="measurement_enabled_from_api" value="true" />
    <boolean name="deep_link_retrieval_complete" value="true" />
    <long name="first_open_time" value="1760425855184" />
    <string name="gmp_app_id">1:850220037081:android:b8207ac4075b5e11275fc8</string>
    <string name="app_instance_id">c23564c215bdd9dff633a410bec23057</string>
    <long name="deep_link_retrieval_attempts" value="2" />
    <long name="session_id" value="1760425857" />
    <boolean name="app_backgrounded" value="true" />
    <long name="health_monitor:start" value="1760425856681" />
    <boolean name="use_service" value="true" />
    <boolean name="deferred_analytics_collection" value="false" />
    <string name="previous_os_version">14</string>
    <boolean name="measurement_enabled" value="true" />
    <boolean name="has_been_opened" value="true" />
    <string name="health_monitor:value">2WC133018:Network Request for Deferred Deep Link failed. response, exception: 0, java.net.ConnectException: m7.td.run(:com.google.android.gms.dynamite_measurementdynamite@253133029@25.31.33 (190400-0):188)</string>
    <boolean name="allow_remote_dynamite" value="true" />
    <long name="last_pause_time" value="1760426117091" />
    <boolean name="start_new_session" value="false" />
    <long name="health_monitor:count" value="1" />
</map>
