<?xml version='1.0' encoding='utf-8' standalone='yes' ?>
<map>
    <long name="com.rzmod.Raj.classes.cloneTimestamp" value="1760423425012" />
    <long name="com.facebook.appevents.SessionInfo.sessionStartTime" value="1760423498597" />
    <long name="com.facebook.appevents.SessionInfo.sessionEndTime" value="1760423503419" />
    <boolean name="bg_startup_tracing" value="false" />
    <int name="com.facebook.appevents.SessionInfo.interruptionCount" value="0" />
    <int name="com.rzmod.Raj.classes.originalInstallVersionCode" value="5040900" />
    <string name="com.facebook.appevents.SessionInfo.sessionId">fe45e502-d524-46e2-9610-e9be6ad56b56</string>
</map>
