{"Fid":"dHh3yP3jQralUuto54axIv","Status":3,"AuthToken":"eyJhbGciOiJFUzI1NiIsInR5cCI6IkpXVCJ9.eyJhcHBJZCI6IjE6ODUwMjIwMDM3MDgxOmFuZHJvaWQ6YjgyMDdhYzQwNzViNWUxMTI3NWZjOCIsImV4cCI6MTc2MTAzMDY1OSwiZmlkIjoiZEhoM3lQM2pRcmFsVXV0bzU0YXhJdiIsInByb2plY3ROdW1iZXIiOjg1MDIyMDAzNzA4MX0.AB2LPV8wRAIgZMGXsT8e25htLhuag2RWPY1xy_T9IMiyTvsonhCHJI4CICFP7jEBo-2wQgB6WJ8VS-1f20QaZSxkngbhNRl2Ts4T","RefreshToken":"3_AS3qfwL0pm8rC5QHJBzaoptxRmg23rhSY6RJUEwimuP4Mo5aW_9j7h8s29T4g2NKXGMOBs9OQ_hRFUPqxCVLOhgZGqBbk8eICZcjiOCBkSuJxpo","TokenCreationEpochInSecs":1760425858,"ExpiresInSecs":604800}