{"Fid":"f_Oh9L4YSmSjA9LkXAMZFh","Status":3,"AuthToken":"eyJhbGciOiJFUzI1NiIsInR5cCI6IkpXVCJ9.eyJhcHBJZCI6IjE6ODUwMjIwMDM3MDgxOmFuZHJvaWQ6YjgyMDdhYzQwNzViNWUxMTI3NWZjOCIsImV4cCI6MTc2MTAyNzQzNiwiZmlkIjoiZl9PaDlMNFlTbVNqQTlMa1hBTVpGaCIsInByb2plY3ROdW1iZXIiOjg1MDIyMDAzNzA4MX0.AB2LPV8wRQIhAIWKKE7dCXWAoTWlpnQLjY_PGKay6CkpVY1clmd5wx8OAiAc4tj50ejytd-e3fPK0Kf7o2l1RzlH8-eIqHnUzieVtQ","RefreshToken":"3_AS3qfwJW03j9aM-G5fzkYJFWowo4sORFiiNzxK0L-C1cDwqbPt4sIM6gBAmLI1jmN1sqUZb8ncqNG3PsBYaXF-T6NMTXQoH1hd60bsZN24fbdus","TokenCreationEpochInSecs":1760422634,"ExpiresInSecs":604800}